"Periodo meses comparado","Años comparados","Delito","Casos/denuncias  anterior periodo","Casos/denuncias último periodo","Variación %","Variación absoluta","Fuente"
"01 al 31 de enero","2019-2020","Homicidios","25","23","-8%","-2","POLICIA MEBAR-GRICRI,datos extraidos del balance criminológico-información sujeta a cambios por nuevos ingresos"
"01 al 31 de enero","2019-2020","Lesiones personales o comunes","279","186","-33%","-93","POLICIA MEBAR-GRICRI,datos extraidos del balance criminológico-información sujeta a cambios por nuevos ingresos"
"01 al 31 de enero","2019-2020","Hurtos a personas","892","944","6%","52","POLICIA MEBAR-GRICRI,datos extraidos del balance criminológico-información sujeta a cambios por nuevos ingresos"
"01 al 31 de enero","2019-2020","Hurtos a comercios","171","59","-65%","-112","POLICIA MEBAR-GRICRI,datos extraidos del balance criminológico-información sujeta a cambios por nuevos ingresos"
"01 al 31 de enero","2019-2020","Hurtos a residencias","85","50","-41%","-35","POLICIA MEBAR-GRICRI,datos extraidos del balance criminológico-información sujeta a cambios por nuevos ingresos"
"01 al 31 de enero","2019-2020","Hurtos motocicletas","67","52","-22%","-15","POLICIA MEBAR-GRICRI,datos extraidos del balance criminológico-información sujeta a cambios por nuevos ingresos"
"01 al 31 de enero","2019-2020","Hurtos automotores","22","12","-45%","-10","POLICIA MEBAR-GRICRI,datos extraidos del balance criminológico-información sujeta a cambios por nuevos ingresos"
"01 al 31 de enero","2019-2020","Hurtos a entidades financieras","0","0","0%","0","POLICIA MEBAR-GRICRI,datos extraidos del balance criminológico-información sujeta a cambios por nuevos ingresos"
"1 enero al 28 de febrero","2019-2020","Homicidios","49","47","-4%","-2","POLICIA MEBAR-GRICRI,datos extraidos del balance criminológico-información sujeta a cambios por nuevos ingresos"
"1 enero al 28 de febrero","2019-2020","Lesiones personales o comunes","570","510","-11%","-60","POLICIA MEBAR-GRICRI,datos extraidos del balance criminológico-información sujeta a cambios por nuevos ingresos"
"1 enero al 28 de febrero","2019-2020","Hurtos a personas","1816","1946","7%","130","POLICIA MEBAR-GRICRI,datos extraidos del balance criminológico-información sujeta a cambios por nuevos ingresos"
"1 enero al 28 de febrero","2019-2020","Hurtos a comercios","344","448","30%","104","POLICIA MEBAR-GRICRI,datos extraidos del balance criminológico-información sujeta a cambios por nuevos ingresos"
"1 enero al 28 de febrero","2019-2020","Hurtos a residencias","154","101","-34%","-53","POLICIA MEBAR-GRICRI,datos extraidos del balance criminológico-información sujeta a cambios por nuevos ingresos"
"1 enero al 28 de febrero","2019-2020","Hurtos motocicletas","149","126","-15%","-23","POLICIA MEBAR-GRICRI,datos extraidos del balance criminológico-información sujeta a cambios por nuevos ingresos"
"1 enero al 28 de febrero","2019-2020","Hurtos automotores","35","31","-11%","-4","POLICIA MEBAR-GRICRI,datos extraidos del balance criminológico-información sujeta a cambios por nuevos ingresos"
"1 enero al 28 de febrero","2019-2020","Hurtos a entidades financieras","0","0","0%","0","POLICIA MEBAR-GRICRI,datos extraidos del balance criminológico-información sujeta a cambios por nuevos ingresos"
"1 enero al 31 de marzo","2019-2020","Homicidios","74","69","-7%","-5","POLICIA MEBAR-GRICRI,datos extraidos del balance criminológico-información sujeta a cambios por nuevos ingresos"
"1 enero al 31 de marzo","2019-2020","Lesiones personales o comunes","991","705","-29%","-286","POLICIA MEBAR-GRICRI,datos extraidos del balance criminológico-información sujeta a cambios por nuevos ingresos"
"1 enero al 31 de marzo","2019-2020","Hurtos a personas","2980","2475","-17%","-505","POLICIA MEBAR-GRICRI,datos extraidos del balance criminológico-información sujeta a cambios por nuevos ingresos"
"1 enero al 31 de marzo","2019-2020","Hurtos a comercios","497","257","-48%","-240","POLICIA MEBAR-GRICRI,datos extraidos del balance criminológico-información sujeta a cambios por nuevos ingresos"
"1 enero al 31 de marzo","2019-2020","Hurtos a residencias","218","134","-39%","-84","POLICIA MEBAR-GRICRI,datos extraidos del balance criminológico-información sujeta a cambios por nuevos ingresos"
"1 enero al 31 de marzo","2019-2020","Hurtos motocicletas","222","159","-28%","-63","POLICIA MEBAR-GRICRI,datos extraidos del balance criminológico-información sujeta a cambios por nuevos ingresos"
"1 enero al 31 de marzo","2019-2020","Hurtos automotores","46","44","-4%","-2","POLICIA MEBAR-GRICRI,datos extraidos del balance criminológico-información sujeta a cambios por nuevos ingresos"
"1 enero al 31 de marzo","2019-2020","Hurtos a entidades financieras","0","1","100%","1","POLICIA MEBAR-GRICRI,datos extraidos del balance criminológico-información sujeta a cambios por nuevos ingresos"
"1 de enero al 30 de abril","2019-2020","Homicidios","94","83","-12%","-11","POLICIA MEBAR-GRICRI,datos extraidos del balance criminológico-información sujeta a cambios por nuevos ingresos"
"1 de enero al 30 de abril","2019-2020","Lesiones personales o comunes","1333","795","-40%","-538","POLICIA MEBAR-GRICRI,datos extraidos del balance criminológico-información sujeta a cambios por nuevos ingresos"
"1 de enero al 30 de abril","2019-2020","Hurtos a personas","3740","2916","-22%","-824","POLICIA MEBAR-GRICRI,datos extraidos del balance criminológico-información sujeta a cambios por nuevos ingresos"
"1 de enero al 30 de abril","2019-2020","Hurtos a comercios","664","357","-46%","-307","POLICIA MEBAR-GRICRI,datos extraidos del balance criminológico-información sujeta a cambios por nuevos ingresos"
"1 de enero al 30 de abril","2019-2020","Hurtos a residencias","291","188","-35%","-103","POLICIA MEBAR-GRICRI,datos extraidos del balance criminológico-información sujeta a cambios por nuevos ingresos"
"1 de enero al 30 de abril","2019-2020","Hurtos motocicletas","289","191","-34%","-98","POLICIA MEBAR-GRICRI,datos extraidos del balance criminológico-información sujeta a cambios por nuevos ingresos"
"1 de enero al 30 de abril","2019-2020","Hurtos automotores","65","60","-8%","-5","POLICIA MEBAR-GRICRI,datos extraidos del balance criminológico-información sujeta a cambios por nuevos ingresos"
"1 de enero al 30 de abril","2019-2020","Hurtos a entidades financieras","1","1","0%","0","POLICIA MEBAR-GRICRI,datos extraidos del balance criminológico-información sujeta a cambios por nuevos ingresos"
"1 de enero al 31 de mayo","2019-2020","Homicidios","114","118","4%","4","POLICIA MEBAR-GRICRI,datos extraidos del balance criminológico-información sujeta a cambios por nuevos ingresos"
"1 de enero al 31 de mayo","2019-2020","Lesiones personales o comunes","1707","882","-48%","-825","POLICIA MEBAR-GRICRI,datos extraidos del balance criminológico-información sujeta a cambios por nuevos ingresos"
"1 de enero al 31 de mayo","2019-2020","Hurtos a personas","4699","3475","-26%","-1224","POLICIA MEBAR-GRICRI,datos extraidos del balance criminológico-información sujeta a cambios por nuevos ingresos"
"1 de enero al 31 de mayo","2019-2020","Hurtos a comercios","823","476","-42%","-347","POLICIA MEBAR-GRICRI,datos extraidos del balance criminológico-información sujeta a cambios por nuevos ingresos"
"1 de enero al 31 de mayo","2019-2020","Hurtos a residencias","344","229","-33%","-115","POLICIA MEBAR-GRICRI,datos extraidos del balance criminológico-información sujeta a cambios por nuevos ingresos"
"1 de enero al 31 de mayo","2019-2020","Hurtos motocicletas","366","230","-37%","-136","POLICIA MEBAR-GRICRI,datos extraidos del balance criminológico-información sujeta a cambios por nuevos ingresos"
"1 de enero al 31 de mayo","2019-2020","Hurtos automotores","86","71","-17%","-15","POLICIA MEBAR-GRICRI,datos extraidos del balance criminológico-información sujeta a cambios por nuevos ingresos"
"1 de enero al 31 de mayo","2019-2020","Hurtos a entidades financieras","1","1","0%","0","POLICIA MEBAR-GRICRI,datos extraidos del balance criminológico-información sujeta a cambios por nuevos ingresos"
"1 de enero al 30 de junio","2019-2020","Homicidios","148","144","-3%","-4","POLICIA MEBAR-GRICRI,datos extraidos del balance criminológico-información sujeta a cambios por nuevos ingresos"
"1 de enero al 30 de junio","2019-2020","Lesiones personales o comunes","2011","957","-52%","-1054","POLICIA MEBAR-GRICRI,datos extraidos del balance criminológico-información sujeta a cambios por nuevos ingresos"
"1 de enero al 30 de junio","2019-2020","Hurtos a personas","5533","3927","-29%","-1606","POLICIA MEBAR-GRICRI,datos extraidos del balance criminológico-información sujeta a cambios por nuevos ingresos"
"1 de enero al 30 de junio","2019-2020","Hurtos a comercios","1012","549","-46%","-463","POLICIA MEBAR-GRICRI,datos extraidos del balance criminológico-información sujeta a cambios por nuevos ingresos"
"1 de enero al 30 de junio","2019-2020","Hurtos a residencias","418","264","-37%","-154","POLICIA MEBAR-GRICRI,datos extraidos del balance criminológico-información sujeta a cambios por nuevos ingresos"
"1 de enero al 30 de junio","2019-2020","Hurtos motocicletas","437","276","-37%","-161","POLICIA MEBAR-GRICRI,datos extraidos del balance criminológico-información sujeta a cambios por nuevos ingresos"
"1 de enero al 30 de junio","2019-2020","Hurtos automotores","109","79","-28%","-30","POLICIA MEBAR-GRICRI,datos extraidos del balance criminológico-información sujeta a cambios por nuevos ingresos"
"1 de enero al 30 de junio","2019-2020","Hurtos a entidades financieras","1","1","0%","0","POLICIA MEBAR-GRICRI,datos extraidos del balance criminológico-información sujeta a cambios por nuevos ingresos"
"1 de enero al 31 de julio","2019-2020","Homicidios","163","167","2%","4","POLICIA MEBAR-GRICRI,datos extraidos del balance criminológico-información sujeta a cambios por nuevos ingresos"
"1 de enero al 31 de julio","2019-2020","Lesiones personales o comunes","2330","1078","-54%","-1252","POLICIA MEBAR-GRICRI,datos extraidos del balance criminológico-información sujeta a cambios por nuevos ingresos"
"1 de enero al 31 de julio","2019-2020","Hurtos a personas","6393","4589","-28%","-1804","POLICIA MEBAR-GRICRI,datos extraidos del balance criminológico-información sujeta a cambios por nuevos ingresos"
"1 de enero al 31 de julio","2019-2020","Hurtos a comercios","1190","607","-49%","-583","POLICIA MEBAR-GRICRI,datos extraidos del balance criminológico-información sujeta a cambios por nuevos ingresos"
"1 de enero al 31 de julio","2019-2020","Hurtos a residencias","495","326","-34%","-169","POLICIA MEBAR-GRICRI,datos extraidos del balance criminológico-información sujeta a cambios por nuevos ingresos"
"1 de enero al 31 de julio","2019-2020","Hurtos motocicletas","509","345","-32%","-164","POLICIA MEBAR-GRICRI,datos extraidos del balance criminológico-información sujeta a cambios por nuevos ingresos"
"1 de enero al 31 de julio","2019-2020","Hurtos automotores","128","81","-37%","-47","POLICIA MEBAR-GRICRI,datos extraidos del balance criminológico-información sujeta a cambios por nuevos ingresos"
"1 de enero al 31 de julio","2019-2020","Hurtos a entidades financieras","1","2","100%","1","POLICIA MEBAR-GRICRI,datos extraidos del balance criminológico-información sujeta a cambios por nuevos ingresos"
"1 de enero al 31 de agosto","2019-2020","Homicidios","188","194","3%","6","POLICIA MEBAR-GRICRI,datos extraidos del balance criminológico-información sujeta a cambios por nuevos ingresos"
"1 de enero al 31 de agosto","2019-2020","Lesiones personales o comunes","2618","1215","-54%","-1403","POLICIA MEBAR-GRICRI,datos extraidos del balance criminológico-información sujeta a cambios por nuevos ingresos"
"1 de enero al 31 de agosto","2019-2020","Hurtos a personas","7251","5263","-27%","-1988","POLICIA MEBAR-GRICRI,datos extraidos del balance criminológico-información sujeta a cambios por nuevos ingresos"
"1 de enero al 31 de agosto","2019-2020","Hurtos a comercios","1332","693","-48%","-639","POLICIA MEBAR-GRICRI,datos extraidos del balance criminológico-información sujeta a cambios por nuevos ingresos"
"1 de enero al 31 de agosto","2019-2020","Hurtos a residencias","561","391","-30%","-170","POLICIA MEBAR-GRICRI,datos extraidos del balance criminológico-información sujeta a cambios por nuevos ingresos"
"1 de enero al 31 de agosto","2019-2020","Hurtos motocicletas","567","402","-29%","-165","POLICIA MEBAR-GRICRI,datos extraidos del balance criminológico-información sujeta a cambios por nuevos ingresos"
"1 de enero al 31 de agosto","2019-2020","Hurtos automotores","144","112","-22%","-32","POLICIA MEBAR-GRICRI,datos extraidos del balance criminológico-información sujeta a cambios por nuevos ingresos"
"1 de enero al 31 de agosto","2019-2020","Hurtos a entidades financieras","2","2","0%","0","POLICIA MEBAR-GRICRI,datos extraidos del balance criminológico-información sujeta a cambios por nuevos ingresos"
"1 de enero al 30 de septiembre","2019-2020","Homicidios","211","226","7%","15","POLICIA MEBAR-GRICRI,datos extraidos del balance criminológico-información sujeta a cambios por nuevos ingresos"
"1 de enero al 30 de septiembre","2019-2020","Lesiones personales o comunes","2910","1426","-51%","-1484","POLICIA MEBAR-GRICRI,datos extraidos del balance criminológico-información sujeta a cambios por nuevos ingresos"
"1 de enero al 30 de septiembre","2019-2020","Hurtos a personas","8131","5981","-26%","-2150","POLICIA MEBAR-GRICRI,datos extraidos del balance criminológico-información sujeta a cambios por nuevos ingresos"
"1 de enero al 30 de septiembre","2019-2020","Hurtos a comercios","1485","802","-46%","-683","POLICIA MEBAR-GRICRI,datos extraidos del balance criminológico-información sujeta a cambios por nuevos ingresos"
"1 de enero al 30 de septiembre","2019-2020","Hurtos a residencias","621","436","-30%","-185","POLICIA MEBAR-GRICRI,datos extraidos del balance criminológico-información sujeta a cambios por nuevos ingresos"
"1 de enero al 30 de septiembre","2019-2020","Hurtos motocicletas","626","469","-25%","-157","POLICIA MEBAR-GRICRI,datos extraidos del balance criminológico-información sujeta a cambios por nuevos ingresos"
"1 de enero al 30 de septiembre","2019-2020","Hurtos automotores","164","134","-18%","-30","POLICIA MEBAR-GRICRI,datos extraidos del balance criminológico-información sujeta a cambios por nuevos ingresos"
"1 de enero al 30 de septiembre","2019-2020","Hurtos a entidades financieras","2","2","0%","0","POLICIA MEBAR-GRICRI,datos extraidos del balance criminológico-información sujeta a cambios por nuevos ingresos"
"1 de enero al 30 de noviembre","2019-2020","Homicidios","252","266","6%","14","POLICIA MEBAR-GRICRI,datos extraidos del balance criminológico-información sujeta a cambios por nuevos ingresos"
"1 de enero al 30 de noviembre","2019-2020","Lesiones personales o comunes","3448","1725","-50%","-1723","POLICIA MEBAR-GRICRI,datos extraidos del balance criminológico-información sujeta a cambios por nuevos ingresos"
"1 de enero al 30 de noviembre","2019-2020","Hurtos a personas","10016","7381","-26%","-2635","POLICIA MEBAR-GRICRI,datos extraidos del balance criminológico-información sujeta a cambios por nuevos ingresos"
"1 de enero al 30 de noviembre","2019-2020","Hurtos a comercios","1766","1120","-37%","-646","POLICIA MEBAR-GRICRI,datos extraidos del balance criminológico-información sujeta a cambios por nuevos ingresos"
"1 de enero al 30 de noviembre","2019-2020","Hurtos a residencias","738","557","-25%","-181","POLICIA MEBAR-GRICRI,datos extraidos del balance criminológico-información sujeta a cambios por nuevos ingresos"
"1 de enero al 30 de noviembre","2019-2020","Hurtos motocicletas","735","557","-24%","-178","POLICIA MEBAR-GRICRI,datos extraidos del balance criminológico-información sujeta a cambios por nuevos ingresos"
"1 de enero al 30 de noviembre","2019-2020","Hurtos automotores","196","179","-9%","-17","POLICIA MEBAR-GRICRI,datos extraidos del balance criminológico-información sujeta a cambios por nuevos ingresos"
"1 de enero al 30 de noviembre","2019-2020","Hurtos a entidades financieras","7","2","-71%","-5","POLICIA MEBAR-GRICRI,datos extraidos del balance criminológico-información sujeta a cambios por nuevos ingresos"
"1 de enero al 31 de diciembre","2019-2020","Homicidios","276","296","7%","20","POLICIA MEBAR-GRICRI,datos extraidos del balance criminológico-información sujeta a cambios por nuevos ingresos"
"1 de enero al 31 de diciembre","2019-2020","Lesiones personales o comunes","3746","1934","-48%","-1812","POLICIA MEBAR-GRICRI,datos extraidos del balance criminológico-información sujeta a cambios por nuevos ingresos"
"1 de enero al 31 de diciembre","2019-2020","Hurtos a personas","11187","8223","-26%","-2964","POLICIA MEBAR-GRICRI,datos extraidos del balance criminológico-información sujeta a cambios por nuevos ingresos"
"1 de enero al 31 de diciembre","2019-2020","Hurtos a comercios","1893","1230","-35%","-663","POLICIA MEBAR-GRICRI,datos extraidos del balance criminológico-información sujeta a cambios por nuevos ingresos"
"1 de enero al 31 de diciembre","2019-2020","Hurtos a residencias","810","613","-24%","-197","POLICIA MEBAR-GRICRI,datos extraidos del balance criminológico-información sujeta a cambios por nuevos ingresos"
"1 de enero al 31 de diciembre","2019-2020","Hurtos motocicletas","794","695","-12%","-99","POLICIA MEBAR-GRICRI,datos extraidos del balance criminológico-información sujeta a cambios por nuevos ingresos"
"1 de enero al 31 de diciembre","2019-2020","Hurtos automotores","223","194","-13%","-29","POLICIA MEBAR-GRICRI,datos extraidos del balance criminológico-información sujeta a cambios por nuevos ingresos"
"1 de enero al 31 de diciembre","2019-2020","Hurtos a entidades financieras","7","2","-71%","-5","POLICIA MEBAR-GRICRI,datos extraidos del balance criminológico-información sujeta a cambios por nuevos ingresos"
"01 al 31 de enero","2020-2021","Homicidios","24","23","-4%","-1","POLICIA MEBAR-GRICRI,datos extraidos del balance criminológico-información sujeta a cambios por nuevos ingresos"
"01 al 31 de enero","2020-2021","Lesiones personales o comunes","248","119","-52%","-129","POLICIA MEBAR-GRICRI,datos extraidos del balance criminológico-información sujeta a cambios por nuevos ingresos"
"01 al 31 de enero","2020-2021","Hurtos a personas","1181","485","-59%","-696","POLICIA MEBAR-GRICRI,datos extraidos del balance criminológico-información sujeta a cambios por nuevos ingresos"
"01 al 31 de enero","2020-2021","Hurtos a comercios","171","64","-63%","-107","POLICIA MEBAR-GRICRI,datos extraidos del balance criminológico-información sujeta a cambios por nuevos ingresos"
"01 al 31 de enero","2020-2021","Hurtos a residencias","57","43","-25%","-14","POLICIA MEBAR-GRICRI,datos extraidos del balance criminológico-información sujeta a cambios por nuevos ingresos"
"01 al 31 de enero","2020-2021","Hurtos motocicletas","73","54","-26%","-19","POLICIA MEBAR-GRICRI,datos extraidos del balance criminológico-información sujeta a cambios por nuevos ingresos"
"01 al 31 de enero","2020-2021","Hurtos automotores","18","14","-22%","-4","POLICIA MEBAR-GRICRI,datos extraidos del balance criminológico-información sujeta a cambios por nuevos ingresos"
"01 al 31 de enero","2020-2021","Hurtos a entidades financieras","1","0","-100%","-1","POLICIA MEBAR-GRICRI,datos extraidos del balance criminológico-información sujeta a cambios por nuevos ingresos"
"1 enero al 28 de febrero","2020-2021","Homicidios","47","47","0%","0","POLICIA MEBAR-GRICRI,datos extraidos del balance criminológico-información sujeta a cambios por nuevos ingresos"
"1 enero al 28 de febrero","2020-2021","Lesiones personales o comunes","548","271","-51%","-277","POLICIA MEBAR-GRICRI,datos extraidos del balance criminológico-información sujeta a cambios por nuevos ingresos"
"1 enero al 28 de febrero","2020-2021","Hurtos a personas","2198","1184","-46%","-1014","POLICIA MEBAR-GRICRI,datos extraidos del balance criminológico-información sujeta a cambios por nuevos ingresos"
"1 enero al 28 de febrero","2020-2021","Hurtos a comercios","326","137","-58%","-189","POLICIA MEBAR-GRICRI,datos extraidos del balance criminológico-información sujeta a cambios por nuevos ingresos"
"1 enero al 28 de febrero","2020-2021","Hurtos a residencias","109","95","-13%","-14","POLICIA MEBAR-GRICRI,datos extraidos del balance criminológico-información sujeta a cambios por nuevos ingresos"
"1 enero al 28 de febrero","2020-2021","Hurtos motocicletas","148","128","-14%","-20","POLICIA MEBAR-GRICRI,datos extraidos del balance criminológico-información sujeta a cambios por nuevos ingresos"
"1 enero al 28 de febrero","2020-2021","Hurtos automotores","45","38","-16%","-7","POLICIA MEBAR-GRICRI,datos extraidos del balance criminológico-información sujeta a cambios por nuevos ingresos"
"1 enero al 28 de febrero","2020-2021","Hurtos a entidades financieras","1","0","-100%","-1","POLICIA MEBAR-GRICRI,datos extraidos del balance criminológico-información sujeta a cambios por nuevos ingresos"
"1 enero al 31 de marzo","2020-2021","Homicidios","69","84","22%","15","POLICIA MEBAR-GRICRI,datos extraidos del balance criminológico-información sujeta a cambios por nuevos ingresos"
"1 enero al 31 de marzo","2020-2021","Lesiones personales o comunes","726","420","-42%","-306","POLICIA MEBAR-GRICRI,datos extraidos del balance criminológico-información sujeta a cambios por nuevos ingresos"
"1 enero al 31 de marzo","2020-2021","Hurtos a personas","2857","1816","-36%","-1041","POLICIA MEBAR-GRICRI,datos extraidos del balance criminológico-información sujeta a cambios por nuevos ingresos"
"1 enero al 31 de marzo","2020-2021","Hurtos a comercios","445","233","-48%","-212","POLICIA MEBAR-GRICRI,datos extraidos del balance criminológico-información sujeta a cambios por nuevos ingresos"
"1 enero al 31 de marzo","2020-2021","Hurtos a residencias","143","136","-5%","-7","POLICIA MEBAR-GRICRI,datos extraidos del balance criminológico-información sujeta a cambios por nuevos ingresos"
"1 enero al 31 de marzo","2020-2021","Hurtos motocicletas","197","214","9%","17","POLICIA MEBAR-GRICRI,datos extraidos del balance criminológico-información sujeta a cambios por nuevos ingresos"
"1 enero al 31 de marzo","2020-2021","Hurtos automotores","70","69","-1%","-1","POLICIA MEBAR-GRICRI,datos extraidos del balance criminológico-información sujeta a cambios por nuevos ingresos"
"1 enero al 31 de marzo","2020-2021","Hurtos a entidades financieras","1","0","-100%","-1","POLICIA MEBAR-GRICRI,datos extraidos del balance criminológico-información sujeta a cambios por nuevos ingresos"
"1 de enero al 30 de abril","2020-2021","Homicidios","85","100","18%","15","POLICIA MEBAR-GRICRI,datos extraidos del balance criminológico-información sujeta a cambios por nuevos ingresos"
"1 de enero al 30 de abril","2020-2021","Lesiones personales o comunes","824","589","-29%","-235","POLICIA MEBAR-GRICRI,datos extraidos del balance criminológico-información sujeta a cambios por nuevos ingresos"
"1 de enero al 30 de abril","2020-2021","Hurtos a personas","3183","2515","-21%","-668","POLICIA MEBAR-GRICRI,datos extraidos del balance criminológico-información sujeta a cambios por nuevos ingresos"
"1 de enero al 30 de abril","2020-2021","Hurtos a comercios","507","301","-41%","-206","POLICIA MEBAR-GRICRI,datos extraidos del balance criminológico-información sujeta a cambios por nuevos ingresos"
"1 de enero al 30 de abril","2020-2021","Hurtos a residencias","201","170","-15%","-31","POLICIA MEBAR-GRICRI,datos extraidos del balance criminológico-información sujeta a cambios por nuevos ingresos"
"1 de enero al 30 de abril","2020-2021","Hurtos motocicletas","221","320","45%","99","POLICIA MEBAR-GRICRI,datos extraidos del balance criminológico-información sujeta a cambios por nuevos ingresos"
"1 de enero al 30 de abril","2020-2021","Hurtos automotores","73","86","18%","13","POLICIA MEBAR-GRICRI,datos extraidos del balance criminológico-información sujeta a cambios por nuevos ingresos"
"1 de enero al 30 de abril","2020-2021","Hurtos a entidades financieras","1","1","0%","0","POLICIA MEBAR-GRICRI,datos extraidos del balance criminológico-información sujeta a cambios por nuevos ingresos"
"1 de enero al 31 de mayo","2020-2021","Homicidios","118","130","10%","12","POLICIA MEBAR-GRICRI,datos extraidos del balance criminológico-información sujeta a cambios por nuevos ingresos"
"1 de enero al 31 de mayo","2020-2021","Lesiones personales o comunes","934","792","-15%","-142","POLICIA MEBAR-GRICRI,datos extraidos del balance criminológico-información sujeta a cambios por nuevos ingresos"
"1 de enero al 31 de mayo","2020-2021","Hurtos a personas","3628","3244","-11%","-384","POLICIA MEBAR-GRICRI,datos extraidos del balance criminológico-información sujeta a cambios por nuevos ingresos"
"1 de enero al 31 de mayo","2020-2021","Hurtos a comercios","596","457","-23%","-139","POLICIA MEBAR-GRICRI,datos extraidos del balance criminológico-información sujeta a cambios por nuevos ingresos"
"1 de enero al 31 de mayo","2020-2021","Hurtos a residencias","244","206","-16%","-38","POLICIA MEBAR-GRICRI,datos extraidos del balance criminológico-información sujeta a cambios por nuevos ingresos"
"1 de enero al 31 de mayo","2020-2021","Hurtos motocicletas","265","413","56%","148","POLICIA MEBAR-GRICRI,datos extraidos del balance criminológico-información sujeta a cambios por nuevos ingresos"
"1 de enero al 31 de mayo","2020-2021","Hurtos automotores","79","109","38%","30","POLICIA MEBAR-GRICRI,datos extraidos del balance criminológico-información sujeta a cambios por nuevos ingresos"
"1 de enero al 31 de mayo","2020-2021","Hurtos a entidades financieras","1","1","0%","0","POLICIA MEBAR-GRICRI,datos extraidos del balance criminológico-información sujeta a cambios por nuevos ingresos"
"1 de enero al 30 de junio","2020-2021","Homicidios","144","171","19%","27","POLICIA MEBAR-GRICRI,datos extraidos del balance criminológico-información sujeta a cambios por nuevos ingresos"
"1 de enero al 30 de junio","2020-2021","Lesiones personales o comunes","1027","985","-4%","-42","POLICIA MEBAR-GRICRI,datos extraidos del balance criminológico-información sujeta a cambios por nuevos ingresos"
"1 de enero al 30 de junio","2020-2021","Hurtos a personas","4087","3893","-5%","-194","POLICIA MEBAR-GRICRI,datos extraidos del balance criminológico-información sujeta a cambios por nuevos ingresos"
"1 de enero al 30 de junio","2020-2021","Hurtos a comercios","667","572","-14%","-95","POLICIA MEBAR-GRICRI,datos extraidos del balance criminológico-información sujeta a cambios por nuevos ingresos"
"1 de enero al 30 de junio","2020-2021","Hurtos a residencias","280","252","-10%","-28","POLICIA MEBAR-GRICRI,datos extraidos del balance criminológico-información sujeta a cambios por nuevos ingresos"
"1 de enero al 30 de junio","2020-2021","Hurtos motocicletas","320","504","58%","184","POLICIA MEBAR-GRICRI,datos extraidos del balance criminológico-información sujeta a cambios por nuevos ingresos"
"1 de enero al 30 de junio","2020-2021","Hurtos automotores","91","142","56%","51","POLICIA MEBAR-GRICRI,datos extraidos del balance criminológico-información sujeta a cambios por nuevos ingresos"
"1 de enero al 30 de junio","2020-2021","Hurtos a entidades financieras","1","1","0%","0","POLICIA MEBAR-GRICRI,datos extraidos del balance criminológico-información sujeta a cambios por nuevos ingresos"
"2 de enero al 31 de julio","2020-2021","Homicidios","166","192","16%","26","POLICIA MEBAR-GRICRI,datos extraidos del balance criminológico-información sujeta a cambios por nuevos ingresos"
"2 de enero al 31 de julio","2020-2021","Lesiones personales o comunes","1134","1151","1%","17","POLICIA MEBAR-GRICRI,datos extraidos del balance criminológico-información sujeta a cambios por nuevos ingresos"
"2 de enero al 31 de julio","2020-2021","Hurtos a personas","4731","4859","3%","128","POLICIA MEBAR-GRICRI,datos extraidos del balance criminológico-información sujeta a cambios por nuevos ingresos"
"2 de enero al 31 de julio","2020-2021","Hurtos a comercios","756","702","-7%","-54","POLICIA MEBAR-GRICRI,datos extraidos del balance criminológico-información sujeta a cambios por nuevos ingresos"
"2 de enero al 31 de julio","2020-2021","Hurtos a residencias","350","321","-8%","-29","POLICIA MEBAR-GRICRI,datos extraidos del balance criminológico-información sujeta a cambios por nuevos ingresos"
"2 de enero al 31 de julio","2020-2021","Hurtos motocicletas","385","643","67%","258","POLICIA MEBAR-GRICRI,datos extraidos del balance criminológico-información sujeta a cambios por nuevos ingresos"
"2 de enero al 31 de julio","2020-2021","Hurtos automotores","107","175","64%","68","POLICIA MEBAR-GRICRI,datos extraidos del balance criminológico-información sujeta a cambios por nuevos ingresos"
"2 de enero al 31 de julio","2020-2021","Hurtos a entidades financieras","2","3","50%","1","POLICIA MEBAR-GRICRI,datos extraidos del balance criminológico-información sujeta a cambios por nuevos ingresos"
"1 de enero al 31 de agosto","2020-2021","Homicidios","196","231","18%","35","POLICIA MEBAR-GRICRI,datos extraidos del balance criminológico-información sujeta a cambios por nuevos ingresos"
"1 de enero al 31 de agosto","2020-2021","Lesiones personales o comunes","1314","1347","3%","33","POLICIA MEBAR-GRICRI,datos extraidos del balance criminológico-información sujeta a cambios por nuevos ingresos"
"1 de enero al 31 de agosto","2020-2021","Hurtos a personas","5405","5718","6%","313","POLICIA MEBAR-GRICRI,datos extraidos del balance criminológico-información sujeta a cambios por nuevos ingresos"
"1 de enero al 31 de agosto","2020-2021","Hurtos a comercios","861","771","-10%","-90","POLICIA MEBAR-GRICRI,datos extraidos del balance criminológico-información sujeta a cambios por nuevos ingresos"
"1 de enero al 31 de agosto","2020-2021","Hurtos a residencias","403","374","-7%","-29","POLICIA MEBAR-GRICRI,datos extraidos del balance criminológico-información sujeta a cambios por nuevos ingresos"
"1 de enero al 31 de agosto","2020-2021","Hurtos motocicletas","442","761","72%","319","POLICIA MEBAR-GRICRI,datos extraidos del balance criminológico-información sujeta a cambios por nuevos ingresos"
"1 de enero al 31 de agosto","2020-2021","Hurtos automotores","126","202","60%","76","POLICIA MEBAR-GRICRI,datos extraidos del balance criminológico-información sujeta a cambios por nuevos ingresos"
"1 de enero al 31 de agosto","2020-2021","Extorsión","75","74","-1%","-1","POLICIA MEBAR-GRICRI,datos extraidos del balance criminológico-información sujeta a cambios por nuevos ingresos"
"1 de enero al 30 de septiembre","2020-2021","Homicidios","228","266","17%","38","POLICIA MEBAR-GRICRI,datos extraidos del balance criminológico-información sujeta a cambios por nuevos ingresos"
"1 de enero al 30 de septiembre","2020-2021","Lesiones personales o comunes","1474","1597","8%","123","POLICIA MEBAR-GRICRI,datos extraidos del balance criminológico-información sujeta a cambios por nuevos ingresos"
"1 de enero al 30 de septiembre","2020-2021","Hurtos a personas","6068","6652","10%","584","POLICIA MEBAR-GRICRI,datos extraidos del balance criminológico-información sujeta a cambios por nuevos ingresos"
"1 de enero al 30 de septiembre","2020-2021","Hurtos a comercios","968","826","-15%","-142","POLICIA MEBAR-GRICRI,datos extraidos del balance criminológico-información sujeta a cambios por nuevos ingresos"
"1 de enero al 30 de septiembre","2020-2021","Hurtos a residencias","474","417","-12%","-57","POLICIA MEBAR-GRICRI,datos extraidos del balance criminológico-información sujeta a cambios por nuevos ingresos"
"1 de enero al 30 de septiembre","2020-2021","Hurtos motocicletas","507","878","73%","371","POLICIA MEBAR-GRICRI,datos extraidos del balance criminológico-información sujeta a cambios por nuevos ingresos"
"1 de enero al 30 de septiembre","2020-2021","Hurtos automotores","147","232","58%","85","POLICIA MEBAR-GRICRI,datos extraidos del balance criminológico-información sujeta a cambios por nuevos ingresos"
"1 de enero al 30 de septiembre","2020-2021","Extorsión","86","82","-5%","-4","POLICIA MEBAR-GRICRI,datos extraidos del balance criminológico-información sujeta a cambios por nuevos ingresos"
"1 de enero al 31 de octubre","2020-2021","Homicidios","249","302","21%","53","POLICIA MEBAR-GRICRI,datos extraidos del balance criminológico-información sujeta a cambios por nuevos ingresos"
"1 de enero al 31 de octubre","2020-2021","Lesiones personales o comunes","1628","1815","11%","187","POLICIA MEBAR-GRICRI,datos extraidos del balance criminológico-información sujeta a cambios por nuevos ingresos"
"1 de enero al 31 de octubre","2020-2021","Hurtos a personas","6799","7899","16%","1100","POLICIA MEBAR-GRICRI,datos extraidos del balance criminológico-información sujeta a cambios por nuevos ingresos"
"1 de enero al 31 de octubre","2020-2021","Hurtos a comercios","1087","980","-10%","-107","POLICIA MEBAR-GRICRI,datos extraidos del balance criminológico-información sujeta a cambios por nuevos ingresos"
"1 de enero al 31 de octubre","2020-2021","Hurtos a residencias","529","473","-11%","-56","POLICIA MEBAR-GRICRI,datos extraidos del balance criminológico-información sujeta a cambios por nuevos ingresos"
"1 de enero al 31 de octubre","2020-2021","Hurtos motocicletas","579","1017","76%","438","POLICIA MEBAR-GRICRI,datos extraidos del balance criminológico-información sujeta a cambios por nuevos ingresos"
"1 de enero al 31 de octubre","2020-2021","Hurtos automotores","169","290","72%","121","POLICIA MEBAR-GRICRI,datos extraidos del balance criminológico-información sujeta a cambios por nuevos ingresos"
"1 de enero al 31 de octubre","2020-2021","Violencia Intrafamiliar","1353","1276","-6%","-77","POLICIA MEBAR-GRICRI,datos extraidos del balance criminológico-información sujeta a cambios por nuevos ingresos"
"1 de enero al 31 de octubre","2020-2021","Delito sexual","567","510","-10%","-57","POLICIA MEBAR-GRICRI,datos extraidos del balance criminológico-información sujeta a cambios por nuevos ingresos"
"1 de enero al 30 de noviembre","2020-2021","Homicidios","266","326","23%","60","POLICIA MEBAR-GRICRI,datos extraidos del balance criminológico-información sujeta a cambios por nuevos ingresos"
"1 de enero al 30 de noviembre","2020-2021","Lesiones personales o comunes","1788","2061","15%","273","POLICIA MEBAR-GRICRI,datos extraidos del balance criminológico-información sujeta a cambios por nuevos ingresos"
"1 de enero al 30 de noviembre","2020-2021","Hurtos a personas","7595","9118","20%","1523","POLICIA MEBAR-GRICRI,datos extraidos del balance criminológico-información sujeta a cambios por nuevos ingresos"
"1 de enero al 30 de noviembre","2020-2021","Hurtos a comercios","1187","1057","-11%","-130","POLICIA MEBAR-GRICRI,datos extraidos del balance criminológico-información sujeta a cambios por nuevos ingresos"
"1 de enero al 30 de noviembre","2020-2021","Hurtos a residencias","586","513","-12%","-73","POLICIA MEBAR-GRICRI,datos extraidos del balance criminológico-información sujeta a cambios por nuevos ingresos"
"1 de enero al 30 de noviembre","2020-2021","Hurtos motocicletas","650","1122","73%","472","POLICIA MEBAR-GRICRI,datos extraidos del balance criminológico-información sujeta a cambios por nuevos ingresos"
"1 de enero al 30 de noviembre","2020-2021","Hurtos automotores","185","320","73%","135","POLICIA MEBAR-GRICRI,datos extraidos del balance criminológico-información sujeta a cambios por nuevos ingresos"
"1 de enero al 30 de noviembre","2020-2021","Hurto a entidades financieras","2","8","300%","6","POLICIA MEBAR-GRICRI,datos extraidos del balance criminológico-información sujeta a cambios por nuevos ingresos"
"1 de enero al 30 de noviembre","2020-2021","Violencia Intrafamiliar","1491","1767","19%","276","POLICIA MEBAR-GRICRI,datos extraidos del balance criminológico-información sujeta a cambios por nuevos ingresos"
"1 de enero al 30 de noviembre","2020-2021","Delito sexual","633","544","-14%","-89","POLICIA MEBAR-GRICRI,datos extraidos del balance criminológico-información sujeta a cambios por nuevos ingresos"
"1 de enero al 31 de diciembre","2020-2021","Homicidios","296","365","23%","69","POLICIA MEBAR-GRICRI,datos extraidos del balance criminológico-información sujeta a cambios por nuevos ingresos"
"1 de enero al 31 de diciembre","2020-2021","Lesiones personales o comunes","1979","2303","16%","324","POLICIA MEBAR-GRICRI,datos extraidos del balance criminológico-información sujeta a cambios por nuevos ingresos"
"1 de enero al 31 de diciembre","2020-2021","Hurto a personas","8465","10286","22%","1821","POLICIA MEBAR-GRICRI,datos extraidos del balance criminológico-información sujeta a cambios por nuevos ingresos"
"1 de enero al 31 de diciembre","2020-2021","Hurto a comercio","1314","1224","-7%","-90","POLICIA MEBAR-GRICRI,datos extraidos del balance criminológico-información sujeta a cambios por nuevos ingresos"
"1 de enero al 31 de diciembre","2020-2021","Hurto a residencia","639","569","-11%","-70","POLICIA MEBAR-GRICRI,datos extraidos del balance criminológico-información sujeta a cambios por nuevos ingresos"
"1 de enero al 31 de diciembre","2020-2021","Hurto a motocicletas","745","1240","66%","495","POLICIA MEBAR-GRICRI,datos extraidos del balance criminológico-información sujeta a cambios por nuevos ingresos"
"1 de enero al 31 de diciembre","2020-2021","Hurto automotores","206","362","76%","156","POLICIA MEBAR-GRICRI,datos extraidos del balance criminológico-información sujeta a cambios por nuevos ingresos"
"1 de enero al 31 de diciembre","2020-2021","Hurto a entidades financieras","2","11","450%","9","POLICIA MEBAR-GRICRI,datos extraidos del balance criminológico-información sujeta a cambios por nuevos ingresos"
"1 de enero al 31 de diciembre","2020-2021","Violencia Intrafamiliar","1657","1923","16%","266","POLICIA MEBAR-GRICRI,datos extraidos del balance criminológico-información sujeta a cambios por nuevos ingresos"
"1 de enero al 31 de diciembre","2020-2021","Delito sexual","693","569","-18%","-124","POLICIA MEBAR-GRICRI,datos extraidos del balance criminológico-información sujeta a cambios por nuevos ingresos"
"01 al 31 de enero","2021-2022","Homicidios","23","28","22%","5","POLICIA MEBAR-GRICRI,datos extraidos del balance criminológico-información sujeta a cambios por nuevos ingresos"
"01 al 31 de enero","2021-2022","Extorsión","7","9","29%","2","POLICIA MEBAR-GRICRI,datos extraidos del balance criminológico-información sujeta a cambios por nuevos ingresos"
"01 al 31 de enero","2021-2022","Lesiones personales o comunes","142","193","36%","51","POLICIA MEBAR-GRICRI,datos extraidos del balance criminológico-información sujeta a cambios por nuevos ingresos"
"01 al 31 de enero","2021-2022","Delitos sexuales","48","18","-63%","-30","POLICIA MEBAR-GRICRI,datos extraidos del balance criminológico-información sujeta a cambios por nuevos ingresos"
"01 al 31 de enero","2021-2022","Violencia Intrafamiliar","110","143","30%","33","POLICIA MEBAR-GRICRI,datos extraidos del balance criminológico-información sujeta a cambios por nuevos ingresos"
"01 al 31 de enero","2021-2022","Hurtos a personas","758","697","-8%","-61","POLICIA MEBAR-GRICRI,datos extraidos del balance criminológico-información sujeta a cambios por nuevos ingresos"
"01 al 31 de enero","2021-2022","Hurtos a comercios","114","34","-70%","-80","POLICIA MEBAR-GRICRI,datos extraidos del balance criminológico-información sujeta a cambios por nuevos ingresos"
"01 al 31 de enero","2021-2022","Hurtos a residencias","59","21","-64%","-38","POLICIA MEBAR-GRICRI,datos extraidos del balance criminológico-información sujeta a cambios por nuevos ingresos"
"01 al 31 de enero","2021-2022","Hurtos motocicletas","84","70","-17%","-14","POLICIA MEBAR-GRICRI,datos extraidos del balance criminológico-información sujeta a cambios por nuevos ingresos"
"01 al 31 de enero","2021-2022","Hurtos automotores","26","25","-4%","-1","POLICIA MEBAR-GRICRI,datos extraidos del balance criminológico-información sujeta a cambios por nuevos ingresos"
"01 al 31 de enero","2021-2022","Hurtos a entidades financieras","0","1","100%","1","POLICIA MEBAR-GRICRI,datos extraidos del balance criminológico-información sujeta a cambios por nuevos ingresos"
"1 enero al 28 de febrero","2021-2022","Homicidios","48","52","8%","4","POLICIA MEBAR-GRICRI,datos extraidos del balance criminológico-información sujeta a cambios por nuevos ingresos"
"1 enero al 28 de febrero","2021-2022","Extorsión","14","32","129%","18","POLICIA MEBAR-GRICRI,datos extraidos del balance criminológico-información sujeta a cambios por nuevos ingresos"
"1 enero al 28 de febrero","2021-2022","Lesiones personales o comunes","293","459","57%","166","POLICIA MEBAR-GRICRI,datos extraidos del balance criminológico-información sujeta a cambios por nuevos ingresos"
"1 enero al 28 de febrero","2021-2022","Delitos sexuales","108","54","-50%","-54","POLICIA MEBAR-GRICRI,datos extraidos del balance criminológico-información sujeta a cambios por nuevos ingresos"
"1 enero al 28 de febrero","2021-2022","Violencia Intrafamiliar","269","353","31%","84","POLICIA MEBAR-GRICRI,datos extraidos del balance criminológico-información sujeta a cambios por nuevos ingresos"
"1 enero al 28 de febrero","2021-2022","Hurtos a personas","1440","1766","23%","326","POLICIA MEBAR-GRICRI,datos extraidos del balance criminológico-información sujeta a cambios por nuevos ingresos"
"1 enero al 28 de febrero","2021-2022","Hurtos a comercios","232","103","-56%","-129","POLICIA MEBAR-GRICRI,datos extraidos del balance criminológico-información sujeta a cambios por nuevos ingresos"
"1 enero al 28 de febrero","2021-2022","Hurtos a residencias","117","46","-61%","-71","POLICIA MEBAR-GRICRI,datos extraidos del balance criminológico-información sujeta a cambios por nuevos ingresos"
"1 enero al 28 de febrero","2021-2022","Hurtos motocicletas","168","160","-5%","-8","POLICIA MEBAR-GRICRI,datos extraidos del balance criminológico-información sujeta a cambios por nuevos ingresos"
"1 enero al 28 de febrero","2021-2022","Hurtos automotores","61","65","7%","4","POLICIA MEBAR-GRICRI,datos extraidos del balance criminológico-información sujeta a cambios por nuevos ingresos"
"1 enero al 28 de febrero","2021-2022","Hurtos a entidades financieras","0","3","100%","3","POLICIA MEBAR-GRICRI,datos extraidos del balance criminológico-información sujeta a cambios por nuevos ingresos"
"1 enero al 31 de marzo","2021-2022","Homicidios","83","87","5%","4","POLICIA MEBAR-GRICRI,datos extraidos del balance criminológico-información sujeta a cambios por nuevos ingresos"
"1 enero al 31 de marzo","2021-2022","Extorsión","20","30","50%","10","POLICIA MEBAR-GRICRI,datos extraidos del balance criminológico-información sujeta a cambios por nuevos ingresos"
"1 enero al 31 de marzo","2021-2022","Lesiones personales o comunes","475","766","61%","291","POLICIA MEBAR-GRICRI,datos extraidos del balance criminológico-información sujeta a cambios por nuevos ingresos"
"1 enero al 31 de marzo","2021-2022","Delitos sexuales","160","95","-41%","-65","POLICIA MEBAR-GRICRI,datos extraidos del balance criminológico-información sujeta a cambios por nuevos ingresos"
"1 enero al 31 de marzo","2021-2022","Violencia Intrafamiliar","441","574","30%","133","POLICIA MEBAR-GRICRI,datos extraidos del balance criminológico-información sujeta a cambios por nuevos ingresos"
"1 enero al 31 de marzo","2021-2022","Hurtos a personas","2182","2910","33%","728","POLICIA MEBAR-GRICRI,datos extraidos del balance criminológico-información sujeta a cambios por nuevos ingresos"
"1 enero al 31 de marzo","2021-2022","Hurtos a comercios","332","153","-54%","-179","POLICIA MEBAR-GRICRI,datos extraidos del balance criminológico-información sujeta a cambios por nuevos ingresos"
"1 enero al 31 de marzo","2021-2022","Hurtos a residencias","165","82","-50%","-83","POLICIA MEBAR-GRICRI,datos extraidos del balance criminológico-información sujeta a cambios por nuevos ingresos"
"1 enero al 31 de marzo","2021-2022","Hurtos motocicletas","273","231","-15%","-42","POLICIA MEBAR-GRICRI,datos extraidos del balance criminológico-información sujeta a cambios por nuevos ingresos"
"1 enero al 31 de marzo","2021-2022","Hurtos automotores","88","100","14%","12","POLICIA MEBAR-GRICRI,datos extraidos del balance criminológico-información sujeta a cambios por nuevos ingresos"
"1 enero al 31 de marzo","2021-2022","Hurtos a entidades financieras","0","3","100%","3","POLICIA MEBAR-GRICRI,datos extraidos del balance criminológico-información sujeta a cambios por nuevos ingresos"
"1 enero al 30 de abril","2021-2022","Homicidios","101","119","18%","18","POLICIA MEBAR-GRICRI,datos extraidos del balance criminológico-información sujeta a cambios por nuevos ingresos"
"1 enero al 30 de abril","2021-2022","Extorsión","28","43","54%","15","POLICIA MEBAR-GRICRI,datos extraidos del balance criminológico-información sujeta a cambios por nuevos ingresos"
"1 enero al 30 de abril","2021-2022","Lesiones personales o comunes","633","1102","74%","469","POLICIA MEBAR-GRICRI,datos extraidos del balance criminológico-información sujeta a cambios por nuevos ingresos"
"1 enero al 30 de abril","2021-2022","Delitos sexuales","239","153","-36%","-86","POLICIA MEBAR-GRICRI,datos extraidos del balance criminológico-información sujeta a cambios por nuevos ingresos"
"1 enero al 30 de abril","2021-2022","Violencia Intrafamiliar","601","786","31%","185","POLICIA MEBAR-GRICRI,datos extraidos del balance criminológico-información sujeta a cambios por nuevos ingresos"
"1 enero al 30 de abril","2021-2022","Hurtos a personas","2804","4040","44%","1236","POLICIA MEBAR-GRICRI,datos extraidos del balance criminológico-información sujeta a cambios por nuevos ingresos"
"1 enero al 30 de abril","2021-2022","Hurtos a comercios","432","239","-45%","-193","POLICIA MEBAR-GRICRI,datos extraidos del balance criminológico-información sujeta a cambios por nuevos ingresos"
"1 enero al 30 de abril","2021-2022","Hurtos a residencias","199","120","-40%","-79","POLICIA MEBAR-GRICRI,datos extraidos del balance criminológico-información sujeta a cambios por nuevos ingresos"
"1 enero al 30 de abril","2021-2022","Hurtos motocicletas","360","312","-13%","-48","POLICIA MEBAR-GRICRI,datos extraidos del balance criminológico-información sujeta a cambios por nuevos ingresos"
"1 enero al 30 de abril","2021-2022","Hurtos automotores","112","154","38%","42","POLICIA MEBAR-GRICRI,datos extraidos del balance criminológico-información sujeta a cambios por nuevos ingresos"
"1 enero al 30 de abril","2021-2022","Hurtos a entidades financieras","1","6","500%","5","POLICIA MEBAR-GRICRI,datos extraidos del balance criminológico-información sujeta a cambios por nuevos ingresos"
"1 enero al 31 de mayo","2021-2022","Homicidios","132","160","21%","28","POLICIA MEBAR-GRICRI,datos extraidos del balance criminológico-información sujeta a cambios por nuevos ingresos"
"1 enero al 31 de mayo","2021-2022","Extorsión","42","57","36%","15","POLICIA MEBAR-GRICRI,datos extraidos del balance criminológico-información sujeta a cambios por nuevos ingresos"
"1 enero al 31 de mayo","2021-2022","Lesiones personales o comunes","875","1199","37%","324","POLICIA MEBAR-GRICRI,datos extraidos del balance criminológico-información sujeta a cambios por nuevos ingresos"
"1 enero al 31 de mayo","2021-2022","Delitos sexuales","311","192","-38%","-119","POLICIA MEBAR-GRICRI,datos extraidos del balance criminológico-información sujeta a cambios por nuevos ingresos"
"1 enero al 31 de mayo","2021-2022","Violencia Intrafamiliar","764","1040","36%","276","POLICIA MEBAR-GRICRI,datos extraidos del balance criminológico-información sujeta a cambios por nuevos ingresos"
"1 enero al 31 de mayo","2021-2022","Hurtos a personas","3498","5378","54%","1880","POLICIA MEBAR-GRICRI,datos extraidos del balance criminológico-información sujeta a cambios por nuevos ingresos"
"1 enero al 31 de mayo","2021-2022","Hurtos a comercios","571","443","-22%","-128","POLICIA MEBAR-GRICRI,datos extraidos del balance criminológico-información sujeta a cambios por nuevos ingresos"
"1 enero al 31 de mayo","2021-2022","Hurtos a residencias","242","164","-32%","-78","POLICIA MEBAR-GRICRI,datos extraidos del balance criminológico-información sujeta a cambios por nuevos ingresos"
"1 enero al 31 de mayo","2021-2022","Hurtos motocicletas","471","394","-16%","-77","POLICIA MEBAR-GRICRI,datos extraidos del balance criminológico-información sujeta a cambios por nuevos ingresos"
"1 enero al 31 de mayo","2021-2022","Hurtos automotores","137","201","47%","64","POLICIA MEBAR-GRICRI,datos extraidos del balance criminológico-información sujeta a cambios por nuevos ingresos"
"1 enero al 31 de mayo","2021-2022","Hurtos a entidades financieras","1","9","800%","8","POLICIA MEBAR-GRICRI,datos extraidos del balance criminológico-información sujeta a cambios por nuevos ingresos"
"1 enero al 31 de junio","2021-2022","Homicidios","172","190","10%","18","POLICIA MEBAR-GRICRI,datos extraidos del balance criminológico-información sujeta a cambios por nuevos ingresos"
"1 enero al 31 de junio","2021-2022","Extorsión","51","67","31%","16","POLICIA MEBAR-GRICRI,datos extraidos del balance criminológico-información sujeta a cambios por nuevos ingresos"
"1 enero al 31 de junio","2021-2022","Lesiones personales o comunes","1074","1419","32%","345","POLICIA MEBAR-GRICRI,datos extraidos del balance criminológico-información sujeta a cambios por nuevos ingresos"
"1 enero al 31 de junio","2021-2022","Delitos sexuales","382","235","-38%","-147","POLICIA MEBAR-GRICRI,datos extraidos del balance criminológico-información sujeta a cambios por nuevos ingresos"
"1 enero al 31 de junio","2021-2022","Violencia Intrafamiliar","929","1312","41%","383","POLICIA MEBAR-GRICRI,datos extraidos del balance criminológico-información sujeta a cambios por nuevos ingresos"
"1 enero al 31 de junio","2021-2022","Hurtos a personas","4274","6392","50%","2118","POLICIA MEBAR-GRICRI,datos extraidos del balance criminológico-información sujeta a cambios por nuevos ingresos"
"1 enero al 31 de junio","2021-2022","Hurtos a comercios","684","624","-9%","-60","POLICIA MEBAR-GRICRI,datos extraidos del balance criminológico-información sujeta a cambios por nuevos ingresos"
"1 enero al 31 de junio","2021-2022","Hurtos a residencias","283","201","-29%","-82","POLICIA MEBAR-GRICRI,datos extraidos del balance criminológico-información sujeta a cambios por nuevos ingresos"
"1 enero al 31 de junio","2021-2022","Hurtos motocicletas","562","472","-16%","-90","POLICIA MEBAR-GRICRI,datos extraidos del balance criminológico-información sujeta a cambios por nuevos ingresos"
"1 enero al 31 de junio","2021-2022","Hurtos automotores","174","234","34%","60","POLICIA MEBAR-GRICRI,datos extraidos del balance criminológico-información sujeta a cambios por nuevos ingresos"
"1 enero al 31 de junio","2021-2022","Hurtos a entidades financieras","2","9","350%","7","POLICIA MEBAR-GRICRI,datos extraidos del balance criminológico-información sujeta a cambios por nuevos ingresos"
"1 enero al 31 de julio","2021-2022","Homicidios","195","215","10%","20","POLICIA MEBAR-GRICRI,datos extraidos del balance criminológico-información sujeta a cambios por nuevos ingresos"
"1 enero al 31 de julio","2021-2022","Extorsión","63","98","56%","35","POLICIA MEBAR-GRICRI,datos extraidos del balance criminológico-información sujeta a cambios por nuevos ingresos"
"1 enero al 31 de julio","2021-2022","Lesiones personales o comunes","1285","1689","31%","404","POLICIA MEBAR-GRICRI,datos extraidos del balance criminológico-información sujeta a cambios por nuevos ingresos"
"1 enero al 31 de julio","2021-2022","Delitos sexuales","432","282","-35%","-150","POLICIA MEBAR-GRICRI,datos extraidos del balance criminológico-información sujeta a cambios por nuevos ingresos"
"1 enero al 31 de julio","2021-2022","Violencia Intrafamiliar","1111","1527","37%","416","POLICIA MEBAR-GRICRI,datos extraidos del balance criminológico-información sujeta a cambios por nuevos ingresos"
"1 enero al 31 de julio","2021-2022","Hurtos a personas","5124","7452","45%","2328","POLICIA MEBAR-GRICRI,datos extraidos del balance criminológico-información sujeta a cambios por nuevos ingresos"
"1 enero al 31 de julio","2021-2022","Hurtos a comercios","812","836","3%","24","POLICIA MEBAR-GRICRI,datos extraidos del balance criminológico-información sujeta a cambios por nuevos ingresos"
"1 enero al 31 de julio","2021-2022","Hurtos a residencias","350","264","-25%","-86","POLICIA MEBAR-GRICRI,datos extraidos del balance criminológico-información sujeta a cambios por nuevos ingresos"
"1 enero al 31 de julio","2021-2022","Hurtos motocicletas","701","549","-22%","-152","POLICIA MEBAR-GRICRI,datos extraidos del balance criminológico-información sujeta a cambios por nuevos ingresos"
"1 enero al 31 de julio","2021-2022","Hurtos automotores","202","261","29%","59","POLICIA MEBAR-GRICRI,datos extraidos del balance criminológico-información sujeta a cambios por nuevos ingresos"
"1 enero al 31 de julio","2021-2022","Hurtos a entidades financieras","3","12","300%","9","POLICIA MEBAR-GRICRI,datos extraidos del balance criminológico-información sujeta a cambios por nuevos ingresos"
"1 enero al 31 de agosto","2021-2022","Homicidios","232","241","4%","9","POLICIA MEBAR-GRICRI,datos extraidos del balance criminológico-información sujeta a cambios por nuevos ingresos"
"1 enero al 31 de agosto","2021-2022","Extorsión","78","139","78%","61","POLICIA MEBAR-GRICRI,datos extraidos del balance criminológico-información sujeta a cambios por nuevos ingresos"
"1 enero al 31 de agosto","2021-2022","Lesiones personales o comunes","1522","1913","26%","391","POLICIA MEBAR-GRICRI,datos extraidos del balance criminológico-información sujeta a cambios por nuevos ingresos"
"1 enero al 31 de agosto","2021-2022","Delitos sexuales","491","338","-31%","-153","POLICIA MEBAR-GRICRI,datos extraidos del balance criminológico-información sujeta a cambios por nuevos ingresos"
"1 enero al 31 de agosto","2021-2022","Violencia Intrafamiliar","1296","1718","33%","422","POLICIA MEBAR-GRICRI,datos extraidos del balance criminológico-información sujeta a cambios por nuevos ingresos"
"1 enero al 31 de agosto","2021-2022","Hurtos a personas","6066","8466","40%","2400","POLICIA MEBAR-GRICRI,datos extraidos del balance criminológico-información sujeta a cambios por nuevos ingresos"
"1 enero al 31 de agosto","2021-2022","Hurtos a comercios","908","950","5%","42","POLICIA MEBAR-GRICRI,datos extraidos del balance criminológico-información sujeta a cambios por nuevos ingresos"
"1 enero al 31 de agosto","2021-2022","Hurtos a residencias","404","318","-21%","-86","POLICIA MEBAR-GRICRI,datos extraidos del balance criminológico-información sujeta a cambios por nuevos ingresos"
"1 enero al 31 de agosto","2021-2022","Hurtos motocicletas","842","618","-27%","-224","POLICIA MEBAR-GRICRI,datos extraidos del balance criminológico-información sujeta a cambios por nuevos ingresos"
"1 enero al 31 de agosto","2021-2022","Hurtos automotores","242","294","21%","52","POLICIA MEBAR-GRICRI,datos extraidos del balance criminológico-información sujeta a cambios por nuevos ingresos"
"1 enero al 31 de agosto","2021-2022","Hurtos a entidades financieras","4","12","200%","8","POLICIA MEBAR-GRICRI,datos extraidos del balance criminológico-información sujeta a cambios por nuevos ingresos"
"1 enero al 31 de agosto","2021-2022","Hurto a celulares","2665","2920","10%","255","POLICIA MEBAR-GRICRI,datos extraidos del balance criminológico-información sujeta a cambios por nuevos ingresos"
"1 enero al 31 de agosto","2021-2022","Hurto a bicicletas","106","75","-29%","-31","POLICIA MEBAR-GRICRI,datos extraidos del balance criminológico-información sujeta a cambios por nuevos ingresos"
"1 enero al 30 de septiembre","2021-2022","Homicidios","268","269","0%","1","POLICIA MEBAR-GRICRI,datos extraidos del balance criminológico-información sujeta a cambios por nuevos ingresos"
"1 enero al 30 de septiembre","2021-2022","Extorsión","101","233","131%","132","POLICIA MEBAR-GRICRI,datos extraidos del balance criminológico-información sujeta a cambios por nuevos ingresos"
"1 enero al 30 de septiembre","2021-2022","Lesiones personales o comunes","1806","2201","22%","395","POLICIA MEBAR-GRICRI,datos extraidos del balance criminológico-información sujeta a cambios por nuevos ingresos"
"1 enero al 30 de septiembre","2021-2022","Delitos sexuales","540","379","-30%","-161","POLICIA MEBAR-GRICRI,datos extraidos del balance criminológico-información sujeta a cambios por nuevos ingresos"
"1 enero al 30 de septiembre","2021-2022","Violencia Intrafamiliar","1524","1928","27%","404","POLICIA MEBAR-GRICRI,datos extraidos del balance criminológico-información sujeta a cambios por nuevos ingresos"
"1 enero al 30 de septiembre","2021-2022","Hurtos a personas","7152","9578","34%","2426","POLICIA MEBAR-GRICRI,datos extraidos del balance criminológico-información sujeta a cambios por nuevos ingresos"
"1 enero al 30 de septiembre","2021-2022","Hurtos a comercios","1025","1019","-1%","-6","POLICIA MEBAR-GRICRI,datos extraidos del balance criminológico-información sujeta a cambios por nuevos ingresos"
"1 enero al 30 de septiembre","2021-2022","Hurtos a residencias","460","346","-25%","-114","POLICIA MEBAR-GRICRI,datos extraidos del balance criminológico-información sujeta a cambios por nuevos ingresos"
"1 enero al 30 de septiembre","2021-2022","Hurtos motocicletas","979","712","-27%","-267","POLICIA MEBAR-GRICRI,datos extraidos del balance criminológico-información sujeta a cambios por nuevos ingresos"
"1 enero al 30 de septiembre","2021-2022","Hurtos automotores","284","330","16%","46","POLICIA MEBAR-GRICRI,datos extraidos del balance criminológico-información sujeta a cambios por nuevos ingresos"
"1 enero al 30 de septiembre","2021-2022","Hurtos a entidades financieras","6","15","150%","9","POLICIA MEBAR-GRICRI,datos extraidos del balance criminológico-información sujeta a cambios por nuevos ingresos"
"1 enero al 30 de septiembre","2021-2022","Hurto a celulares","3045","3347","10%","302","POLICIA MEBAR-GRICRI,datos extraidos del balance criminológico-información sujeta a cambios por nuevos ingresos"
"1 enero al 30 de septiembre","2021-2022","Hurto a bicicletas","113","85","-25%","-28","POLICIA MEBAR-GRICRI,datos extraidos del balance criminológico-información sujeta a cambios por nuevos ingresos"
"1 enero al 31 de octubre","2021-2022","Homicidios","296","289","-2%","-7","POLICIA MEBAR-GRICRI,datos extraidos del balance criminológico-información sujeta a cambios por nuevos ingresos"
"1 enero al 31 de octubre","2021-2022","Extorsión","ND","ND","ND","ND","ND"
"1 enero al 31 de octubre","2021-2022","Lesiones personales o comunes","2074","2405","16%","331","POLICIA MEBAR-GRICRI,datos extraidos del balance criminológico-información sujeta a cambios por nuevos ingresos"
"1 enero al 31 de octubre","2021-2022","Delitos sexuales","ND","ND","ND","ND","ND"
"1 enero al 31 de octubre","2021-2022","Violencia Intrafamiliar","ND","ND","ND","ND","ND"
"1 enero al 31 de octubre","2021-2022","Hurtos a personas","8510","11414","34%","2904","POLICIA MEBAR-GRICRI,datos extraidos del balance criminológico-información sujeta a cambios por nuevos ingresos"
"1 enero al 31 de octubre","2021-2022","Hurtos a comercios","1129","1179","4%","50","POLICIA MEBAR-GRICRI,datos extraidos del balance criminológico-información sujeta a cambios por nuevos ingresos"
"1 enero al 31 de octubre","2021-2022","Hurtos a residencias","506","448","-11%","-58","POLICIA MEBAR-GRICRI,datos extraidos del balance criminológico-información sujeta a cambios por nuevos ingresos"
"1 enero al 31 de octubre","2021-2022","Hurtos motocicletas","1094","816","-25%","-278","POLICIA MEBAR-GRICRI,datos extraidos del balance criminológico-información sujeta a cambios por nuevos ingresos"
"1 enero al 31 de octubre","2021-2022","Hurtos automotores","329","360","9%","31","POLICIA MEBAR-GRICRI,datos extraidos del balance criminológico-información sujeta a cambios por nuevos ingresos"
"1 enero al 31 de octubre","2021-2022","Hurtos a entidades financieras","ND","ND","ND","ND","ND"
"1 enero al 31 de octubre","2021-2022","Hurto a celulares","ND","ND","ND","ND","ND"
"1 enero al 31 de octubre","2021-2022","Hurto a bicicletas","ND","ND","ND","ND","ND"
"1 enero al 30 de noviembre","2021-2022","Homicidios","320","308","-4%","-12","POLICIA MEBAR-GRICRI,datos extraidos del balance criminológico-información sujeta a cambios por nuevos ingresos"
"1 enero al 30 de noviembre","2021-2022","Extorsión","ND","ND","ND","ND","ND"
"1 enero al 30 de noviembre","2021-2022","Lesiones personales o comunes","2328","2628","13%","300","POLICIA MEBAR-GRICRI,datos extraidos del balance criminológico-información sujeta a cambios por nuevos ingresos"
"1 enero al 30 de noviembre","2021-2022","Delitos sexuales","ND","ND","ND","ND","ND"
"1 enero al 30 de noviembre","2021-2022","Violencia Intrafamiliar","ND","ND","ND","ND","ND"
"1 enero al 30 de noviembre","2021-2022","Hurtos a personas","9732","12984","33%","3252","POLICIA MEBAR-GRICRI,datos extraidos del balance criminológico-información sujeta a cambios por nuevos ingresos"
"1 enero al 30 de noviembre","2021-2022","Hurtos a comercios","1126","1385","23%","259","POLICIA MEBAR-GRICRI,datos extraidos del balance criminológico-información sujeta a cambios por nuevos ingresos"
"1 enero al 30 de noviembre","2021-2022","Hurtos a residencias","556","508","-9%","-48","POLICIA MEBAR-GRICRI,datos extraidos del balance criminológico-información sujeta a cambios por nuevos ingresos"
"1 enero al 30 de noviembre","2021-2022","Hurtos motocicletas","1198","914","-24%","-284","POLICIA MEBAR-GRICRI,datos extraidos del balance criminológico-información sujeta a cambios por nuevos ingresos"
"1 enero al 30 de noviembre","2021-2022","Hurtos automotores","ND","ND","ND","ND","ND"
"1 enero al 30 de noviembre","2021-2022","Hurtos a entidades financieras","ND","ND","ND","ND","ND"
"1 enero al 30 de noviembre","2021-2022","Hurto a celulares","ND","ND","ND","ND","ND"
"1 enero al 30 de noviembre","2021-2022","Hurto a bicicletas","ND","ND","ND","ND","ND"
"1 enero al 31 de diciembre","2021-2022","Homicidios","356","334","-6%","-22","POLICIA MEBAR-GRICRI,datos extraidos del balance criminológico-información sujeta a cambios por nuevos ingresos"
"1 enero al 31 de diciembre","2021-2022","Extorsión","157","392","150%","235","POLICIA MEBAR-GRICRI,datos extraidos del balance criminológico-información sujeta a cambios por nuevos ingresos"
"1 enero al 31 de diciembre","2021-2022","Lesiones personales o comunes","2605","2892","11%","287","POLICIA MEBAR-GRICRI,datos extraidos del balance criminológico-información sujeta a cambios por nuevos ingresos"
"1 enero al 31 de diciembre","2021-2022","Delitos sexuales","ND","ND","ND","ND","ND"
"1 enero al 31 de diciembre","2021-2022","Violencia Intrafamiliar","ND","ND","ND","ND","ND"
"1 enero al 31 de diciembre","2021-2022","Hurtos a personas","10656","14873","40%","4217","POLICIA MEBAR-GRICRI,datos extraidos del balance criminológico-información sujeta a cambios por nuevos ingresos"
"1 enero al 31 de diciembre","2021-2022","Hurtos a comercios","1323","1544","17%","221","POLICIA MEBAR-GRICRI,datos extraidos del balance criminológico-información sujeta a cambios por nuevos ingresos"
"1 enero al 31 de diciembre","2021-2022","Hurtos a residencias","604","575","-5%","-29","POLICIA MEBAR-GRICRI,datos extraidos del balance criminológico-información sujeta a cambios por nuevos ingresos"
"1 enero al 31 de diciembre","2021-2022","Hurtos motocicletas","1306","998","-24%","-308","POLICIA MEBAR-GRICRI,datos extraidos del balance criminológico-información sujeta a cambios por nuevos ingresos"
"1 enero al 31 de diciembre","2021-2022","Hurtos automotores","396","462","17%","66","POLICIA MEBAR-GRICRI,datos extraidos del balance criminológico-información sujeta a cambios por nuevos ingresos"
"1 enero al 31 de diciembre","2021-2022","Hurtos a entidades financieras","ND","ND","ND","ND","ND"
"1 enero al 31 de diciembre","2021-2022","Hurto a celulares","ND","ND","ND","ND","ND"
"1 enero al 31 de diciembre","2021-2022","Hurto a bicicletas","ND","ND","ND","ND","ND"
"01 al 31 de enero","2022-2023","Homicidios","27","31","15%","4","POLICIA MEBAR-GRICRI,datos extraidos del balance criminológico-información sujeta a cambios por nuevos ingresos"
"01 al 31 de enero","2022-2023","Extorsión","14","27","93%","13","POLICIA MEBAR-GRICRI,datos extraidos del balance criminológico-información sujeta a cambios por nuevos ingresos"
"01 al 31 de enero","2022-2023","Lesiones personales o comunes","239","186","-22%","-53","POLICIA MEBAR-GRICRI,datos extraidos del balance criminológico-información sujeta a cambios por nuevos ingresos"
"01 al 31 de enero","2022-2023","Hurtos a personas","987","1204","22%","217","POLICIA MEBAR-GRICRI,datos extraidos del balance criminológico-información sujeta a cambios por nuevos ingresos"
"01 al 31 de enero","2022-2023","Hurtos a comercios","97","48","-51%","-49","POLICIA MEBAR-GRICRI,datos extraidos del balance criminológico-información sujeta a cambios por nuevos ingresos"
"01 al 31 de enero","2022-2023","Hurtos a residencias","40","47","18%","7","POLICIA MEBAR-GRICRI,datos extraidos del balance criminológico-información sujeta a cambios por nuevos ingresos"
"01 al 31 de enero","2022-2023","Hurtos motocicletas","96","81","-16%","-15","POLICIA MEBAR-GRICRI,datos extraidos del balance criminológico-información sujeta a cambios por nuevos ingresos"
"01 al 31 de enero","2022-2023","Hurtos automotores","33","29","-12%","-4","POLICIA MEBAR-GRICRI,datos extraidos del balance criminológico-información sujeta a cambios por nuevos ingresos"
"1 enero al 28 de febrero","2022-2023","Homicidios","56","60","7%","4","POLICIA MEBAR-GRICRI,datos extraidos del balance criminológico-información sujeta a cambios por nuevos ingresos"
"1 enero al 28 de febrero","2022-2023","Extorsión","21","68","224%","47","POLICIA MEBAR-GRICRI,datos extraidos del balance criminológico-información sujeta a cambios por nuevos ingresos"
"1 enero al 28 de febrero","2022-2023","Lesiones personales o comunes","481","393","-18%","-88","POLICIA MEBAR-GRICRI,datos extraidos del balance criminológico-información sujeta a cambios por nuevos ingresos"
"1 enero al 28 de febrero","2022-2023","Hurtos a personas","2140","3079","44%","939","POLICIA MEBAR-GRICRI,datos extraidos del balance criminológico-información sujeta a cambios por nuevos ingresos"
"1 enero al 28 de febrero","2022-2023","Hurtos a comercios","257","124","-52%","-133","POLICIA MEBAR-GRICRI,datos extraidos del balance criminológico-información sujeta a cambios por nuevos ingresos"
"1 enero al 28 de febrero","2022-2023","Hurtos a residencias","75","94","25%","19","POLICIA MEBAR-GRICRI,datos extraidos del balance criminológico-información sujeta a cambios por nuevos ingresos"
"1 enero al 28 de febrero","2022-2023","Hurtos motocicletas","192","186","-3%","-6","POLICIA MEBAR-GRICRI,datos extraidos del balance criminológico-información sujeta a cambios por nuevos ingresos"
"1 enero al 28 de febrero","2022-2023","Hurtos automotores","74","74","0%","0","POLICIA MEBAR-GRICRI,datos extraidos del balance criminológico-información sujeta a cambios por nuevos ingresos"
"1 enero al 31 de marzo","2022-2023","Homicidios","89","92","3%","3","POLICIA MEBAR-GRICRI,datos extraidos del balance criminológico-información sujeta a cambios por nuevos ingresos"
"1 enero al 31 de marzo","2022-2023","Extorsión","26","84","223%","58","POLICIA MEBAR-GRICRI,datos extraidos del balance criminológico-información sujeta a cambios por nuevos ingresos"
"1 enero al 31 de marzo","2022-2023","Lesiones personales o comunes","660","532","-19%","-128","POLICIA MEBAR-GRICRI,datos extraidos del balance criminológico-información sujeta a cambios por nuevos ingresos"
"1 enero al 31 de marzo","2022-2023","Hurtos a personas","2887","4259","48%","1372","POLICIA MEBAR-GRICRI,datos extraidos del balance criminológico-información sujeta a cambios por nuevos ingresos"
"1 enero al 31 de marzo","2022-2023","Hurtos a comercios","337","188","-44%","-149","POLICIA MEBAR-GRICRI,datos extraidos del balance criminológico-información sujeta a cambios por nuevos ingresos"
"1 enero al 31 de marzo","2022-2023","Hurtos a residencias","105","135","29%","30","POLICIA MEBAR-GRICRI,datos extraidos del balance criminológico-información sujeta a cambios por nuevos ingresos"
"1 enero al 31 de marzo","2022-2023","Hurtos motocicletas","242","259","7%","17","POLICIA MEBAR-GRICRI,datos extraidos del balance criminológico-información sujeta a cambios por nuevos ingresos"
"1 enero al 31 de marzo","2022-2023","Hurtos automotores","98","98","0%","0","POLICIA MEBAR-GRICRI,datos extraidos del balance criminológico-información sujeta a cambios por nuevos ingresos"
"1 enero al 30 de abril","2022-2023","Homicidios","121","116","-4%","-5","POLICIA MEBAR-GRICRI,datos extraidos del balance criminológico-información sujeta a cambios por nuevos ingresos"
"1 enero al 30 de abril","2022-2023","Extorsión","37","201","443%","164","POLICIA MEBAR-GRICRI,datos extraidos del balance criminológico-información sujeta a cambios por nuevos ingresos"
"1 enero al 30 de abril","2022-2023","Lesiones personales o comunes","1014","804","-21%","-210","POLICIA MEBAR-GRICRI,datos extraidos del balance criminológico-información sujeta a cambios por nuevos ingresos"
"1 enero al 30 de abril","2022-2023","Hurtos a personas","4589","5760","26%","1171","POLICIA MEBAR-GRICRI,datos extraidos del balance criminológico-información sujeta a cambios por nuevos ingresos"
"1 enero al 30 de abril","2022-2023","Hurtos a comercios","563","242","-57%","-321","POLICIA MEBAR-GRICRI,datos extraidos del balance criminológico-información sujeta a cambios por nuevos ingresos"
"1 enero al 30 de abril","2022-2023","Hurtos a residencias","159","214","35%","55","POLICIA MEBAR-GRICRI,datos extraidos del balance criminológico-información sujeta a cambios por nuevos ingresos"
"1 enero al 30 de abril","2022-2023","Hurtos motocicletas","351","374","7%","23","POLICIA MEBAR-GRICRI,datos extraidos del balance criminológico-información sujeta a cambios por nuevos ingresos"
"1 enero al 30 de abril","2022-2023","Hurtos automotores","161","135","-16%","-26","POLICIA MEBAR-GRICRI,datos extraidos del balance criminológico-información sujeta a cambios por nuevos ingresos"
"1 enero al 31 de mayo","2022-2023","Homicidios","163","148","-9%","-15","POLICIA MEBAR-GRICRI,datos extraidos del balance criminológico-información sujeta a cambios por nuevos ingresos"
"1 enero al 31 de mayo","2022-2023","Extorsión","49","304","520%","255","POLICIA MEBAR-GRICRI,datos extraidos del balance criminológico-información sujeta a cambios por nuevos ingresos"
"1 enero al 31 de mayo","2022-2023","Lesiones personales o comunes","1138","779","-32%","-359","POLICIA MEBAR-GRICRI,datos extraidos del balance criminológico-información sujeta a cambios por nuevos ingresos"
"1 enero al 31 de mayo","2022-2023","Hurtos a personas","5733","4961","-13%","-772","POLICIA MEBAR-GRICRI,datos extraidos del balance criminológico-información sujeta a cambios por nuevos ingresos"
"1 enero al 31 de mayo","2022-2023","Hurtos a comercios","738","252","-66%","-486","POLICIA MEBAR-GRICRI,datos extraidos del balance criminológico-información sujeta a cambios por nuevos ingresos"
"1 enero al 31 de mayo","2022-2023","Hurtos a residencias","202","243","20%","41","POLICIA MEBAR-GRICRI,datos extraidos del balance criminológico-información sujeta a cambios por nuevos ingresos"
"1 enero al 31 de mayo","2022-2023","Hurtos motocicletas","436","462","6%","26","POLICIA MEBAR-GRICRI,datos extraidos del balance criminológico-información sujeta a cambios por nuevos ingresos"
"1 enero al 31 de mayo","2022-2023","Hurtos automotores","208","174","-16%","-34","POLICIA MEBAR-GRICRI,datos extraidos del balance criminológico-información sujeta a cambios por nuevos ingresos"
"1 enero al 30 de junio","2022-2023","Homicidios","188","181","-4%","-7","POLICIA MEBAR-GRICRI,datos extraidos del balance criminológico 01 de julio de 2023-información sujeta a cambios por nuevos ingresos"
"1 enero al 30 de junio","2022-2023","Extorsión","69","362","425%","293","POLICIA MEBAR-GRICRI,datos extraidos del balance criminológico 01 de julio de 2023-información sujeta a cambios por nuevos ingresos"
"1 enero al 30 de junio","2022-2023","Lesiones personales o comunes","1257","932","-26%","-325","POLICIA MEBAR-GRICRI,datos extraidos del balance criminológico 01 de julio de 2023-información sujeta a cambios por nuevos ingresos"
"1 enero al 30 de junio","2022-2023","Hurtos a personas","6782","6597","-3%","-185","POLICIA MEBAR-GRICRI,datos extraidos del balance criminológico 01 de julio de 2023-información sujeta a cambios por nuevos ingresos"
"1 enero al 30 de junio","2022-2023","Hurtos a comercios","889","359","-60%","-530","POLICIA MEBAR-GRICRI,datos extraidos del balance criminológico 01 de julio de 2023-información sujeta a cambios por nuevos ingresos"
"1 enero al 30 de junio","2022-2023","Hurtos a residencias","241","311","29%","70","POLICIA MEBAR-GRICRI,datos extraidos del balance criminológico 01 de julio de 2023-información sujeta a cambios por nuevos ingresos"
"1 enero al 30 de junio","2022-2023","Hurtos motocicletas","506","587","16%","81","POLICIA MEBAR-GRICRI,datos extraidos del balance criminológico 01 de julio de 2023-información sujeta a cambios por nuevos ingresos"
"1 enero al 30 de junio","2022-2023","Hurtos automotores","248","205","-17%","-43","POLICIA MEBAR-GRICRI,datos extraidos del balance criminológico 01 de julio de 2023-información sujeta a cambios por nuevos ingresos"
"1 enero al 31 de julio","2022-2023","Homicidios","214","209","-2%","-5","POLICIA MEBAR-GRICRI,datos extraidos del balance criminológico 01 de agosto de 2023-información sujeta a cambios por nuevos ingresos"
"1 enero al 31 de julio","2022-2023","Extorsión","93","481","417%","388","POLICIA MEBAR-GRICRI,datos extraidos del balance criminológico 01 de julio de 2023-información sujeta a cambios por nuevos ingresos"
"1 enero al 31 de julio","2022-2023","Lesiones personales o comunes","1409","1081","-23%","-328","POLICIA MEBAR-GRICRI,datos extraidos del balance criminológico 01 de julio de 2023-información sujeta a cambios por nuevos ingresos"
"1 enero al 31 de julio","2022-2023","Hurtos a personas","7710","8304","8%","594","POLICIA MEBAR-GRICRI,datos extraidos del balance criminológico 01 de julio de 2023-información sujeta a cambios por nuevos ingresos"
"1 enero al 31 de julio","2022-2023","Hurtos a comercios","1037","450","-57%","-587","POLICIA MEBAR-GRICRI,datos extraidos del balance criminológico 01 de julio de 2023-información sujeta a cambios por nuevos ingresos"
"1 enero al 31 de julio","2022-2023","Hurtos a residencias","290","386","33%","96","POLICIA MEBAR-GRICRI,datos extraidos del balance criminológico 01 de julio de 2023-información sujeta a cambios por nuevos ingresos"
"1 enero al 31 de julio","2022-2023","Hurtos motocicletas","582","704","21%","122","POLICIA MEBAR-GRICRI,datos extraidos del balance criminológico 01 de julio de 2023-información sujeta a cambios por nuevos ingresos"
"1 enero al 31 de julio","2022-2023","Hurtos automotores","276","242","-12%","-34","POLICIA MEBAR-GRICRI,datos extraidos del balance criminológico 01 de julio de 2023-información sujeta a cambios por nuevos ingresos"
"1 enero al 31 de agosto","2022-2023","Homicidios","240","234","-3%","-6","POLICIA MEBAR-GRICRI,datos extraidos del balance criminológico 01 de septiembre de 2023-información sujeta a cambios por nuevos ingresos"
"1 enero al 31 de agosto","2022-2023","Extorsión","134","577","331%","443","POLICIA MEBAR-GRICRI,datos extraidos del balance criminológico 01 de septiembre de 2023-información sujeta a cambios por nuevos ingresos"
"1 enero al 31 de agosto","2022-2023","Lesiones personales o comunes","1568","1384","-12%","-184","POLICIA MEBAR-GRICRI,datos extraidos del balance criminológico 01 de septiembre de 2023-información sujeta a cambios por nuevos ingresos"
"1 enero al 31 de agosto","2022-2023","Hurtos a personas","8825","9522","8%","697","POLICIA MEBAR-GRICRI,datos extraidos del balance criminológico 01 de septiembre de 2023-información sujeta a cambios por nuevos ingresos"
"1 enero al 31 de agosto","2022-2023","Hurtos a comercios","1155","733","-37%","-422","POLICIA MEBAR-GRICRI,datos extraidos del balance criminológico 01 de septiembre de 2023-información sujeta a cambios por nuevos ingresos"
"1 enero al 31 de agosto","2022-2023","Hurtos a residencias","339","482","42%","143","POLICIA MEBAR-GRICRI,datos extraidos del balance criminológico 01 de septiembre de 2023-información sujeta a cambios por nuevos ingresos"
"1 enero al 31 de agosto","2022-2023","Hurtos motocicletas","659","827","25%","168","POLICIA MEBAR-GRICRI,datos extraidos del balance criminológico 01 de septiembre de 2023-información sujeta a cambios por nuevos ingresos"
"1 enero al 31 de agosto","2022-2023","Hurtos automotores","312","295","-5%","-17","POLICIA MEBAR-GRICRI,datos extraidos del balance criminológico 01 de septiembre de 2023-información sujeta a cambios por nuevos ingresos"
"1 enero al 30 de septiembre","2022-2023","Homicidios","268","261","-3%","-7","POLICIA MEBAR-GRICRI,datos extraidos del balance criminológico 01 de octubre de 2023-información sujeta a cambios por nuevos ingresos"
"1 enero al 30 de septiembre","2022-2023","Extorsión","192","706","268%","514","POLICIA MEBAR-GRICRI,datos extraidos del balance criminológico 01 de octubre de 2023-información sujeta a cambios por nuevos ingresos"
"1 enero al 30 de septiembre","2022-2023","Lesiones personales o comunes","1747","1541","-12%","-206","POLICIA MEBAR-GRICRI,datos extraidos del balance criminológico 01 de octubre de 2023-información sujeta a cambios por nuevos ingresos"
"1 enero al 30 de septiembre","2022-2023","Hurtos a personas","10013","10548","5%","535","POLICIA MEBAR-GRICRI,datos extraidos del balance criminológico 01 de octubre de 2023-información sujeta a cambios por nuevos ingresos"
"1 enero al 30 de septiembre","2022-2023","Hurtos a comercios","1283","827","-36%","-456","POLICIA MEBAR-GRICRI,datos extraidos del balance criminológico 01 de octubre de 2023-información sujeta a cambios por nuevos ingresos"
"1 enero al 30 de septiembre","2022-2023","Hurtos a residencias","395","535","35%","140","POLICIA MEBAR-GRICRI,datos extraidos del balance criminológico 01 de octubre de 2023-información sujeta a cambios por nuevos ingresos"
"1 enero al 30 de septiembre","2022-2023","Hurtos motocicletas","747","933","25%","186","POLICIA MEBAR-GRICRI,datos extraidos del balance criminológico 01 de octubre de 2023-información sujeta a cambios por nuevos ingresos"
"1 enero al 30 de septiembre","2022-2023","Hurtos automotores","347","338","-3%","-9","POLICIA MEBAR-GRICRI,datos extraidos del balance criminológico 01 de octubre de 2023-información sujeta a cambios por nuevos ingresos"
"1 enero al 31 de octubre","2022-2023","Homicidios","286","298","4%","12","POLICIA MEBAR-GRICRI,datos extraidos del balance criminológico 01 de noviembre de 2023-información sujeta a cambios por nuevos ingresos"
"1 enero al 31 de octubre","2022-2023","Extorsión","261","884","239%","623","POLICIA MEBAR-GRICRI,datos extraidos del balance criminológico 01 de noviembre de 2023-información sujeta a cambios por nuevos ingresos"
"1 enero al 31 de octubre","2022-2023","Lesiones Personales","1887","1717","-9%","-170","POLICIA MEBAR-GRICRI,datos extraidos del balance criminológico 01 de noviembre de 2023-información sujeta a cambios por nuevos ingresos"
"1 enero al 31 de octubre","2022-2023","Hurto a Personas","10342","10728","4%","386","POLICIA MEBAR-GRICRI,datos extraidos del balance criminológico 01 de noviembre de 2023-información sujeta a cambios por nuevos ingresos"
"1 enero al 31 de octubre","2022-2023","Hurto a Comercio","1377","885","-36%","-492","POLICIA MEBAR-GRICRI,datos extraidos del balance criminológico 01 de noviembre de 2023-información sujeta a cambios por nuevos ingresos"
"1 enero al 31 de octubre","2022-2023","Hurto a Residencias","426","560","31%","134","POLICIA MEBAR-GRICRI,datos extraidos del balance criminológico 01 de noviembre de 2023-información sujeta a cambios por nuevos ingresos"
"1 enero al 31 de octubre","2022-2023","Hurto Motocicletas","828","986","19%","158","POLICIA MEBAR-GRICRI,datos extraidos del balance criminológico 01 de noviembre de 2023-información sujeta a cambios por nuevos ingresos"
"1 enero al 31 de octubre","2022-2023","Hurto a Automotores","367","365","-1%","-2","POLICIA MEBAR-GRICRI,datos extraidos del balance criminológico 01 de noviembre de 2023-información sujeta a cambios por nuevos ingresos"
"1 enero al 30 de noviembre","2022-2023","Homicidios","307","342","11%","35","POLICIA MEBAR-GRICRI,datos extraidos del balance criminológico 01 de diciembre de 2023-información sujeta a cambios por nuevos ingresos"
"1 enero al 30 de noviembre","2022-2023","Extorsión","329","877","167%","548","POLICIA MEBAR-GRICRI,datos extraidos del balance criminológico 01 de diciembre de 2023-información sujeta a cambios por nuevos ingresos"
"1 enero al 30 de noviembre","2022-2023","Lesiones Personales","2003","1823","-9%","-180","POLICIA MEBAR-GRICRI,datos extraidos del balance criminológico 01 de diciembre de 2023-información sujeta a cambios por nuevos ingresos"
"1 enero al 30 de noviembre","2022-2023","Hurto a Personas","10724","10800","1%","76","POLICIA MEBAR-GRICRI,datos extraidos del balance criminológico 01 de diciembre de 2023-información sujeta a cambios por nuevos ingresos"
"1 enero al 30 de noviembre","2022-2023","Hurto a Comercio","1466","894","-39%","-572","POLICIA MEBAR-GRICRI,datos extraidos del balance criminológico 01 de diciembre de 2023-información sujeta a cambios por nuevos ingresos"
"1 enero al 30 de noviembre","2022-2023","Hurto a Residencias","456","587","29%","131","POLICIA MEBAR-GRICRI,datos extraidos del balance criminológico 01 de diciembre de 2023-información sujeta a cambios por nuevos ingresos"
"1 enero al 30 de noviembre","2022-2023","Hurto Motocicletas","912","1036","14%","124","POLICIA MEBAR-GRICRI,datos extraidos del balance criminológico 01 de diciembre de 2023-información sujeta a cambios por nuevos ingresos"
"1 enero al 30 de noviembre","2022-2023","Hurto a Automotores","426","389","-9%","-37","POLICIA MEBAR-GRICRI,datos extraidos del balance criminológico 01 de diciembre de 2023-información sujeta a cambios por nuevos ingresos"
"1 enero al 31 de diciembre","2022-2023","Homicidios","333","373","12%","40","POLICIA MEBAR-GRICRI,datos extraidos del balance criminológico 1 de enero de 2023-información sujeta a cambios por nuevos ingresos"
"1 enero al 31 de diciembre","2022-2023","Extorsión","415","778","87%","363","POLICIA MEBAR-GRICRI,datos extraidos del balance criminológico 1 de enero de 2023-información sujeta a cambios por nuevos ingresos"
"1 enero al 31 de diciembre","2022-2023","Lesiones Personales","2,134","2,114","-1%","-20","POLICIA MEBAR-GRICRI,datos extraidos del balance criminológico 1 de enero de 2023-información sujeta a cambios por nuevos ingresos"
"1 enero al 31 de diciembre","2022-2023","Hurto a Personas","11,596","12,902","11%","1306","POLICIA MEBAR-GRICRI,datos extraidos del balance criminológico 1 de enero de 2023-información sujeta a cambios por nuevos ingresos"
"1 enero al 31 de diciembre","2022-2023","Hurto a Comercio","1,559","1,027","-34%","-532","POLICIA MEBAR-GRICRI,datos extraidos del balance criminológico 1 de enero de 2023-información sujeta a cambios por nuevos ingresos"
"1 enero al 31 de diciembre","2022-2023","Hurto a Residencias","499","661","32%","162","POLICIA MEBAR-GRICRI,datos extraidos del balance criminológico 1 de enero de 2023-información sujeta a cambios por nuevos ingresos"
"1 enero al 31 de diciembre","2022-2023","Hurto Motocicletas","989","1,168","18%","179","POLICIA MEBAR-GRICRI,datos extraidos del balance criminológico 1 de enero de 2023-información sujeta a cambios por nuevos ingresos"
"1 enero al 31 de diciembre","2022-2023","Hurto a Automotores","481","429","-11%","-52","POLICIA MEBAR-GRICRI,datos extraidos del balance criminológico 1 de enero de 2023-información sujeta a cambios por nuevos ingresos"
